323,Kibi plateau and high whisper,We have confidence in safety and security in our domestic plant manufacturing! VitaminEIt is a healthy chicken sticking with abundant feed. and a lot of affection. Chicken is a candid with less fat and is ideal for salads and dressed. It is a high protein and low calorie chicken that I want to recommend to the person who is anxious about health.
324,Kibi high raw chicken drumette,We have confidence in safety and security in our domestic plant manufacturing! VitaminEIt is a healthy chicken sticking with abundant feed. and a lot of affection. The wings that the taste is tightly packed with the bone circumference is perfect for the fried chicken. the grill. the stewed dish.
325,Kibi high raw chicken thigh meat,We have confidence in safety and security in our domestic plant manufacturing! VitaminEIt is a healthy chicken sticking with abundant feed. and a lot of affection. Japan First?Skin Pack Packaging?. Because the moisture can be preserved. it is possible to maintain the original taste. flavor and softness of the chicken. The meat of the chicken also has plenty of tasty. boiled. sauteed. fried. etc.. is perfect for a variety of dishes. ?Currently only part of the Kansai region is sold.?
326,Joshu high raw chicken meat,We have confidence in safety and security in our domestic plant manufacturing! VitaminEIt is a healthy chicken sticking with abundant feed. and a lot of affection. Chicken is a candid with less fat and is ideal for salads and dressed. It is a high protein and low calorie chicken that I want to recommend to the person who is anxious about health. ?East Japan area is only for sale in some areas?
327,Joshu high raw chicken drumette,We have confidence in safety and security in our domestic plant manufacturing! VitaminEIt is a healthy chicken sticking with abundant feed. and a lot of affection. The wings that the taste is tightly packed with the bone circumference is perfect for the fried chicken. the grill. the stewed dish. ?East Japan area is only for sale in some areas?
328,Joshu high raw chicken thigh meat,We have confidence in safety and security in our domestic plant manufacturing! VitaminEIt is a healthy chicken sticking with abundant feed. and a lot of affection. The meat of the chicken also has plenty of tasty. boiled. sauteed. fried. etc.. is perfect for a variety of dishes. ?East Japan area is only for sale in some areas?
329,Kibi highly original chicken chicken thighs boiled (IQF),The freshness of the good health that I raised in my own chicken farm was frozen. It is the rose freezing that the chicken is also cut off meat and can be used only by the necessary amount. Fried chicken and teriyaki. the parent-child rice bowl to cut to the size of your choice. boiled. such as stews. you can use very convenient.
330,Kibi highly original chicken chicken neck skin,Vitamins in your own poultry farmEand rich feed. and the good health was raised with plenty of affection to repeat the cold thawingHaving?One frozen?The freshness is trapped in the rapid refrigeration. Please take advantage of the yakitori. ?It is the most delicious part to eat easily in the skin. but a lower treatment is necessary because there are a lot of fat.?
331,Kibi Takaharadori chicken grilled with asparagus wingssaki IQF,We have confidence in safety and security in our domestic plant manufacturing! VitaminEIt is a healthy chicken sticking with abundant feed. and a lot of affection. Chicken Japan Firstand become?Grace Processing (surface ice film)?To prevent the drying of the chicken. keep the flavor and taste. do not repeat the cold thawing?One frozen?The freshness is trapped in the rapid refrigeration. There is also a taste of gelatin rich in the wings before. it is perfect for fried or stewed dish. It`s also great for taking soup and other broth.? ?We are currently handling only in West Japan (Ishikawa. Gifu. Aichi West).?
332,Beef lean sinew,Ideal for braised beef streaks and other stewed dishes! The more you Shime. the simmer you will taste.?
333,Joshu highly original chicken chicken grilled with asparagus neck skin,Vitamins in your own poultry farmEand rich feed. and the good health was raised with plenty of affection to repeat the cold thawingHaving?One frozen?The freshness is trapped in the rapid refrigeration. Please take advantage of the yakitori. ?It is the most delicious part to eat easily in the skin. but a lower treatment is necessary because there are a lot of fat.? ?East Japan area is only for sale in some areas?
334,Joshu highly original chicken chicken wingssaki IQF,We have confidence in safety and security in our domestic plant manufacturing! VitaminEis a healthy chicken sticking with rich feed and love brought in plenty? There is also a taste of gelatin rich in the wings before. it is perfect for fried or stewed dish. It`s also great for taking soup and other broth.? ?East Japan area is only for sale in some areas?
335,Plus. Brazil produced chicken thighs,Directly imported from Brazil! Per piece200With more than G. it is convenient to cook at home. barbecue or party for a large number of people. Halal Certified product. ?There are cases when the package changes?
336,Duck roast,The duck is marinated with the seasoning liquid for a long time and it is smoked politely. Please relish the taste of handmade. Appetizers and hors d`oeuvres for alcohol?
337,Edamame stick roll,Boil the fresh edamame with salt and peel the spring roll1It was rolled up in a stick form by carefully arranging each grain. Perfect for appetizers!
338,Orange vegetables and fruit Smoothie,Directly imported from Belgium! Carrot and butter nut pumpkin. orange. apples. pineapple. and other fruit and honey. plus a gentle sweet orange smoothie. Because it is frozen in a block form. it is easy to make a smoothie by simply thawing your favorite amount. No additives used. It is recommended for the person of the health intention.
339,Pumpkin croquette,We have confidence in safe and secure at our own factory in Japan! I finished the hokuhoku feeling of the gentle sweetness of the pumpkin and the potato from Hokkaido. The breadcrumbs also use homemade raw bread crumbs. It is a modest pumpkin croquette that everyone is easy to eat.
340,Cow streak croquettes,We have confidence in safety and peace of mind in our domestic factory manufacturing. The croquettes are finished so that you can grind the cow streak rough and enjoy the texture and taste. The bread crumbs are made from homemade raw bread crumbs. and the Saxak and the outside are very comfortable.
341,Kelp and Mori block konnyaku Black radish with sweet and sour sauce,I was dressed in sweet and sour to cherish the taste of kelp and crisp of Chibuki radish that was carefully selected. As a dish without the hassle. you can use a wide range of garnish. such as a small bowl and lunch box of the table.
342,Sanuki Udon,I made use of the original smell of wheat. and finished it to the texture with the waist that I had to click. It is hard to stretch even after a long time. followed by the throat of the vine?
343,Grated daikon radish,It is a fresh radish grated used by the skin by taking advantage of the flavor and taste of the material. After thawing. it is served as it is.?
344,Cherry with mixed berries,Directly imported from Serbia! Without additives. raspberry BlackBerry Strawberry Sour cherry4I mix the kind well. such as jams. sauces and toppings on baked goods?
345,Cheese potato cake,We have confidence in safety and peace of mind in our domestic factory manufacturing. The rice cakes are perfect for breakfast as well as snacks. treats and snacks with a gentle texture and potato and cheese. It is easy to cook with just a frying pan. and it can be cooked deliciously.
346,Kind of thick ham cutlet,We have confidence in safety and security in our domestic plant manufacturing! The thick ham cutlet uses chicken in Maine. so it is juicy! In addition. homemade raw bread powder is used for clothes. The crunchy texture enhances the taste more.
347,Crispy chicken for chicken shop,Manufactured in our own factory directly connected with our own chicken processing plant! The fresh. homemade bread crumbs are used to produce crisp. crispy texture. Just fry it. juicy and delicious! It is spicy seasoning that can be used for a snack.
348,Mix chicken fried chicken shop,We have confidence in safe and secure production in our domestic related factory. Fried chicken with wings of domestic chickens! Because there is the preparation and seasoning under. it is easy to fry. and enjoy the juicy wings fried chicken ? for dinner dish and a bento! ?We are currently handling only in West Japan (Ishikawa. Gifu. Aichi West).?
349,Hash browns,Directly imported from Belgium! Bake in a toaster oven or in a frying pan! The outside is crispy and the inside is Hock. and the taste of the peculiar hash potato is tasted. Garnish for breakfast. food and snacks.
350,Paratha ( Plain),Directly imported from Malaysia! Paratha the dough of the chapati made with the flour. and it is repeatedly thinly stretched and baked to fold the layers. Eat with curry and meat like NanEat with vegetables or fruit or ice cream. Please put the ingredients of your choice and enjoy the authentic taste by winding.
351,VIC menchi katsu,The big size is perfect for a set meal for business use. Of course. it is also suitable for the main character of the home side dish. The bread crumbs are baked in the factory and make homemade raw bread crumbs. which realizes the low cost. and the quality is improved as a crispy texture.
352,Roast pork sauce dipping,We marinate our original sauce with rice Koji. and finished it to the pork which was aged softly. It does not need seasoning just to thaw it and to bake it as it is. It is a dish that rice advances because it is seasoned firmly.
353,French fries (Premier mushers to ring),The home of French fries. directly imported from Belgium? Premium quality focused on length and solids? Small size less moisture rate of low minute potato taste is firm? Inside. it is a product of the attention that you can enjoy the texture of crunchy outside more. The popular La set in fast food used the Burbank kind of potatoes.
354,French fries ( Shoestring),The crispy texture from the Belgium is imported directly from the French fries of delicious shoe string cut! Easy to fry when you want to eat! Easy to use for snacks. snacks and parties.
355,Bath mail potatoes,Directly imported from Belgium! Just fry in oil! The smile of the bear is a cute potato fly. Use European potatoes. Please add ketchup and mustard to your liking.
356,Potato gnocchi,I made potato into flour. ?Potato gnocchi? Directly imported from the home Italy of pasta. Potato Gnocchi`s Italy home cooking. chewy as a potato flavored and floaty! It is a pasta with a texture. Enjoy the sauce of your choice. such as meat. white cheese and Genovese.
357,Green vegetables and fruit Smoothie,Directly imported from Belgium! This green smoothie is a gentle sweetness that adds fruit and honey. including apples. melons and grapes. to spinach and fennel. Because it is frozen in a block form. it is easy to make a smoothie by simply thawing your favorite amount. No additives used. I recommend it to those who are healthy minded. Add soy milk and yogurt!
358,Cutlet,We have confidence in safe and secure at our own factory in Japan! It becomes the menthyl cutlet which made the most of the onion which was cut greatly and Arame the texture of ground meat. The bread crumbs are made from homemade bread crumbs and you can enjoy the crispy texture. For lunch or side dish. You can also eat delicious to accompany the sake.
359,Frozen small sanuki Udon,Handan size that`s easy to eat! Great location? Using the original wheat scent. I finished it with a chewy udon with a dust. You can use a wide range of noodles. chilled udon. stews. stewed udon. and grilled udon as well. If you have a variety of ingredients. such as tempura. aburaage. or onion. you will be able to enjoy a delicious meal.
360,Frozen tortillas,We have imported Spain and Mexico dishes. and we import frozen tortillas from Spain Madrid! It is a crust bread of the Spain of soft. fluffy. sticky texture made by grinding flour. Please warm it in a microwave or a frying pan.
361,Frozen mango ( Chunk),Directly imported from Viet Nam! Only the ripe mango of the eating was rapidly frozen. The thick and juicy fruit can be either frozen or thawed and served deliciously. Because I cut it to an easy-to-eat size. I can use it widely for various arrangements such as ice cream. yogurt. the topping of the cake.
362,Frozen lasagna,Directly imported from Spain! It is a full-fledged lasagna with a bolognese of Italy-style meat sauce and creamy bechamel sauce with plenty of pork mince. and a lot of cheese topping!! It is easy to make a full-fledged lasagna simply by the rangeYou can stain. Because it can heat each container. it is convenient and does not need trouble. A lunch or dinner dish! ?We are currently handling only in East Japan (Toyama. Nagano. Shizuoka East).?
363,Green beans (made in Belgium),Directly imported from Belgium! Kidney lightly blanched and rapidly frozen. It is a convenient product that you can use only the necessary amount. Boiled. tempura. salad. stir-fry. etc.
364,Kernel corn,The corn was lightly blanched and frozen rapidly. This is a good kernel cone with a grain of texture and sweetness. Please take butter cone. salad. soup and gratin ingredients.
365,5 types of vegetable mix,We have carefully selected carrots. potatoes. onions. Tougan and celery in a irodori mix. and we have made it easy to use as a soup or stir-fry material regardless of Japanese and Western style roses.
366,Taro M,Taros lightly blanched and rapidly frozen. Without the hassle of scalping. it is very convenient because you can use it to take out only what you need! Simmered in soup. pots and fried chicken.
367,Shiitake mushroom ( Univ.),I frozen the shiitake of large size that is worth eating. You can use it for various dishes such as boiled food. tempura. and stir-fry.?
368,Tempura for potatoes (satumaimo),Directly imported from Viet Nam! Just fry it with frozen clothes. sweet and hokuhoku tempura! It is a name for tempura. but it is convenient for making sweets. It is sweet sweet potatoes that can be enjoyed in various cooking methods.
369,Paprika,Easy to use and sliced3The color paprika was well packed. Perfect for stir-fry and salads.
370,Broccoli,Salad SautetsWowPlease use it for cream stew etc.??Although it is blanched lightly. please use it in the cooking method of the favorite. and reheat it with frozen. and dressed. tempura. etc.?
371,Bergiemini potatoes,We imported the authentic flavors from the Belgium.? Because the skin of a small potato is peeled and the steam is processed. a troublesome under treatment is not necessary. In addition to the garnish of the meat dish. you can enjoy delicious sweet potato fries. fried potatoes. and stewed curry and stew.?
372,Hallbabycarrott ( . Belgium),Directly imported from Belgium! Blanched lightly and quickly frozen. It is a useful peeled product! Garnish of boiled carrots. stew. etc.?
373,Brussels sprouts,Directly imported from Belgium! Brussels sprouts are small and Manmarui and have a fresh bitterness and contain a lot of vitamin C and carotene. You can use it for a variety of dishes in Japanese and western. Please try various cooking methods such as tempura. sukiyaki and pickles. ?We are currently handling only in East Japan (Toyama. Nagano. Shizuoka East).?
374,Western-style vegetable mix,I cut the carrot. cauliflower. and the broccoli to an easy-to-use size and blanched it lightly and made freezing rapidly. It is very convenient for the rose freezing which can be used for only the necessary amount. For stew. stir-fry and garnish.
375,6 Types of vegetable mix,Directly imported from Belgium! Tomatoes. eggplant. zucchini. paprika (red. green) and onions are mixed in color. No need to cut. you can use the curry and soup. such as stir-fry.
376,Red wine (Vino Rosso),Directly imported from Italy! It is a red wine with fresh acidity. fruity aroma and mellow taste using only the grape variety Sangiovese which represents the Italy. A variety of dishes and compatibility is excellent in the spout was not addictive?
377,Italy ( Tuscan ) Non-aerated water 500 ml,Directly imported from Italy! Sparkling water with hard water in the Tuscan region.? The cozy and gentle texture of the fine carbonate. drink in the diet. hydration during exercise. wake up in the morning1You can enjoy in a variety of scenes. such as a cup.
378,Turtle group,We have confidence in safety and security at our own plants in Japan! The dry sake is excellent in compatibility with any dish well in the balance of sharpness and richness. taste. Chilled. sake`ll enjoy it either.
379,Tomato juice,The tomato juice that the taste of the tomato is tightly packed is imported directly from Poland! It is easy to drink by adding salt and is finished in a mellow taste. Please chill well. It is recommended for cooking. ?We are currently handling only in East Japan (Toyama. Nagano. Shizuoka East).?
380,Shou turtle Namachozoshu,We have confidence in safety and peace of mind in our domestic factory manufacturing. The raw storage sake is different from usual sake. the Genshu is stored as raw. and the heat treatment of burning is1You can enjoy freshly squeezed fresh flavor by doing only degrees. You can enjoy the refreshing taste of light-li dry when you cool it in the refrigerator well.
381,Shall Mugi GOLD ( raw),Alcohol content5?? To cherish the flavor of barley.3Beer. Enjoy the exhilarating feeling of using aroma hops. For dinner or a feast. ?It is only the handling of liquor stores.?
382,Red fish,Eat your body-friendly fish! Series The red fish was fillet and frozen rapidly. It is easy to use it easily because it has been processed under! Boiled. grilled fish. meuniere. stews and so on. Please use it as a material of various dishes.
383,Bone takes red fish S sizing ( America),Eat your body-friendly fish! Series The red fish which pulled the bone were cut into fillets. and it was rapidly frozen. It is easy to use it easily because it has been processed under! Boiled. grilled fish. meuniere. stews and so on. Please use it as a material of various dishes.
384,Asazuke no Moto tangle with,Mix this product with your favorite vegetables. lightly fir.10Just macerate for a minute and you can easily pickled. The salt is so good that you can enjoy plenty of vegetables.
385,In the morning Hotel soft,Usually margarine oil80% or more.48% (calories35There is a taste and richness while suppressing the% off).
386,Yellow curry paste,It was imported directly from the Thailand. Not to mention curry. you can use it as a seasoning such as stir-fry. fried. and pilaf. It is easy to enjoy the authentic taste at home. Chemical seasonings and synthetic preservatives are additive free.
387,Taste Dunhuang ( Weihoann )( chicken),Directly imported from Taiwan! It is a all-purpose seasoning that blends vegetables such as kelp and flavor based on the taste of chicken and finished in a thick taste. In addition to fried rice. ramen noodles and Habona. you can enjoy the deep taste of authentic Chinese.
388,Organic Orange Marmalade,Directly imported from Denmark! Using organic orange and organic sugarJasCertified organic food is orange marmalade? The flesh and texture of the orange. the sweetness of the fruit and the exquisite balance of acidity are delicious! Not to mention the bread. even if you put it in tea? ?We are currently handling only in East Japan (Toyama. Nagano. Shizuoka East).?
389,Organic Blueberry jam,Directly imported from Denmark! Using organic blueberries and organic sugarJasCertified organic food is blueberry jam? The flesh and texture of blueberries. the sweetness of the fruit itself and the exquisite balance of acidity are delicious! Go with bread. pancakes and yogurt. ?We are currently handling only in East Japan (Toyama. Nagano. Shizuoka East).?
390,Olive bruschetta,Direct import of Olive Bullsketta from the Italy! The olives and olive oil from the Italy are seasoned with capers and anchovies. It is perfect for snacks and snacks on the baguette baked with crunchy. Also available as pasta sauce.
391,Grated fresh ginger,It is ideal for seasoning such as hiyayakko. sashimi. grilled eggplant. somen. and the seared bonito as it is the grated flavor. It is also for the taste of meat and fish. and stir-fry.
392,Poker ice syrup Strawberry,We have confidence in safety and security in our domestic plant manufacturing! Summer staple. shaved ice strawberry taste syrup. Please use the stalls at the event. the mock shop. and the home. You can use it to make soda by dividing it with carbonated water or as a pastry material. such as handmade jelly. ?This product is for spring and summer only.?
393,Poker ice syrup Matcha green tea,We have confidence in safety and peace of mind in our domestic factory manufacturing. It is the syrup for ice of the staple dessert of summer. It can be used as a material of sweets such as handmade jelly by dividing it into soda by not only putting it on the shaved ice but also by carbonated water. ? The product of this place is a limited edition of Spring and summer.
394,Poker ice syrup melon,We have confidence in safety and security in our domestic plant manufacturing! This is a summer staple. a melon flavored syrup of shaved ice. Please use the stalls at the event. the mock shop. and the home. You can use it to make soda by dividing it with carbonated water or as a pastry material. such as handmade jelly. ?This product is for spring and summer only.?
395,Camembert cheese,Directly imported from Germany! It is a creamy. tasteful and rich camembert cheese. With appetizers and salad toppings. cheese fondue and fly cheese. * Use of vegetable len Net
396,Kikugawa salt malt,We have confidence in safe and secure at our own factory in Japan! This is a salt koji made from flavorful raw koji. The enzymes made by the Koji bacteria soften the ingredients and bring out the taste of the ingredients. You can soak meat and fish and bake them. or use them instead of salt to looks the taste and taste.? ?After opening. move it to another container and save it.?
397,Nice Japanese Mirin-type,We have confidence in safe and secure at our own factory in Japan! The refined sweetness makes use of the characteristic of the material. and it is natural. and luster to the dish. It can be used in a wide range of cooked food and pottery.
398,Chopped garlic in oil,The coarse chopped garlic was soaked in sunflower oil. ?Pickled garlic Oil? It is a seasoning. A spoon for a variety of dishes! If you use the garlic and oil together. it is a seasoning that the taste is up with a goon. Peeling and time-consuming. even ticks are concerned about the smell transfer. unnecessary! You can use it for cooking without the hassle.
399,Canola soft margarine,Directly imported from Canada! Cholesterol with canola oil0Soft margarine. It can be applied to bread. and it is the material of the dish and sweets. and how to use it is various.?
400,There are many great beef broth 100 g,Directly imported from Korea! It is a Korea all-purpose seasoning used for a variety of dishes such as pots. soups. stir-fry and pickles. The taste of beef is fast progress up with the richness and flavor of the dish. Seasoning such as hamburgers and dumplings. recommended for ingredient such as curry and fried rice!
401,Silver with Sesame Dressing,It was possible to finish it by using white sesame of the aroma which was roasted according to the production date so that the complements was able to be finished well. With a smooth finish. the taste is refreshing in a rich aftertaste!!
402,Cream cheese 227 g,Imported directly from America! The rich richness and the mild taste are painted as it is in bread and bagels. and how to use it variously in the material such as cheesecake. If you cut and wind with prosciutto or smoked salmon. easy hors d`oeuvres will be completed! You can use it widely for cooking and making sweets with rich richness and a mild taste.
403,Green habanero hot sauce,The real spicy sauce is imported directly from the Mexico! Based on vinegar. using a habanero that can be said to be synonymous with hot spicy. finish in spicy with deep by adding spices. it is the finish that can be convinced of the spicy curiosity. If you shake a pizza. pasta or fish dish. you can enjoy the pungent hotness while pulling the umami of the material.
404,Coconut milk ( Paper pack),Directly imported from Thailand! It is a fragrant coconut milk extracted from coconut fruit. Plenty of use1L? Ethnic food. stewed food and soup. of course. you can also use it as a drink. and make sweets as well as milk and juice.?
405,Condensed cream,We imported condensed cream cans from the condensed milk-consuming powerhouse Viet Nam? The world production of coffee beans2In the Viet Nam of the place. use condensed cream without milk in the coffee. In addition. you can use plenty of staple strawberry milk. fresh fruit and shaved ice. Please enjoy with various arrangements.
406,Caesar salad dressing,Creamy dressing with soy milk. I added powdered cheese. anchovies. and garlic to the body of the egg yolk and tasted it deeply. Not to mention Western vegetables. it goes well with ham. bacon and fried seafood.
407,Shabu Shabu in addition controversial,It is the sesame who boasts a savory flavor and richness of sesame. Soup such as shabu. salads. tonkatsu. Hiyayakko. dressed. stir-fry. and supported noodles! It is the taste that spreads the width of the dish.
408,White bouillon,Confident of safety and security in domestic-related factory manufacturing? The flavor of bonito. kelp. and shiitake is blended well. and it is white with flavorful finish. It enhances the taste of the material with a refined aroma and taste.? Chawanmushi. of course. you can use a wide range of dashi. udon. and cooked food.?
409,Sweet chilli sauce 800 g,Direct import of the popular sweet chili sauce spread at the same time spicy and sweet at the great bottle size from the real Thailand! It is good for fried and dripping. and it is sweet though it is spicy. and sour taste becomes a habit. Fresh spring rolls. also good affinity to fried foods such as burdock and vegetables. you can enjoy with Waelu and children and mayonnaise.
410,Sweet chilli sauce 810 g,Salty sauce that fits well with chicken. salad and spring rolls. Because it is not too spicy. please accent a variety of dishes.?
411,Sushi vinegar,We have confidence in safety and security in our domestic plant manufacturing! Just mix this product with the cooked rice. easy and simple sushi rice is finished! It is also very convenient for the sushi and hand rolls. In addition to sushi. vinegared. salads and marinade are available for a variety of dishes.
412,Strawberry fi ring,Directly imported from Denmark! It is a filling with sweet and sour strawberry aronia juice. It is recommended for the topping of the yogurt etc. Of course in the ingredient such as handmade bread because there is plenty of fruit of the strawberry. ?We are currently handling only in East Japan (Toyama. Nagano. Shizuoka East).?
413,Onion with Chili oil,It is the sesame oil that the chopped onion and the chili pepper entered as ingredients. It is a variety of dishes such as the sauce of gyoza. the hemp-Auntie Tofu. ramen. stir-fry. dressing.
414,Cherifi ring,Directly imported from Denmark! This is a strawberryjam filling with a good mix of sour and sweet cherries.? You can easily make a cherry pie by wrapping it in a pie sheet and baking it. Also recommended for toppings such as yogurt? ?We are currently handling only in East Japan (Toyama. Nagano. Shizuoka East).?
415,Chinese sweet and sour sauce,We have confidence in safety and security in our domestic plant manufacturing! Sweet. fried chicken. meat dumpling. chicken. and crab. you can make the Chinese sweet and sour sauce menu just by simply applying.
416,Chinese dressing,We have confidence in safety and security in our domestic plant manufacturing! It is a full-fledged Chinese dressing of deep taste and rich taste which added scallop extract based on this brewing soy sauce. It Rajang with garlic and has a pungent taste of spicy sauce (salted chili peppers). Two kinds of sesame seeds (roasted sesame. sesame. and sesame) give a taste of Chinese flavor. Salad and steamed chicken. we are finished in a wide range of dressing to use such as chilled Chinese.
417,Chili Sauce,We have confidence in safety and security in our domestic plant manufacturing! It is chili sauce which added sweetness and acidity in a tangy pungent blend of apple juice and the garlic with an exquisite balance based on several kinds of chili peppers and tomatoes. It is a versatile seasoning which can be used in various places such as spring roll and fried foods. of course. a salad.
418,Gang green onion sauce ( Zone Jungian),This is a versatile seasoning flavored with ginger and onion oil. Dumplings and steamed chicken to sag! I put it on udon and tofu. stir-fry and dressed. and season of pasta seasoning and fried chicken! I add richness and taste to various dishes regardless of the sum. the western. the taste of the material favors.
419,Tomato & garlic pasta sauce,Imported directly from America! The colorful and flavorful tomato base is a flavorful pasta sauce flavored with spices such as garlic. onion. oregano and black pepper. As well as pasta sauce. meat and fish dishes. soup base and risotto! You can use various.680gGreat deal of capacity!
420,Tomato bruschetta,Direct import of tomato bruschetta from the Italy! The olive oil from the Italy is seasoned with tomatoes. garlic. oregano and basil. It is perfect for snacks and snacks on the baguette baked with crunchy. Also available as pasta sauce.
421,There are many great chicken broth ( 227 g ),The key factor of the flavor of the rich chicken taste! Add flavor to your food! Stir-fried vegetables. rice. dumplings season. soup and the cloudiness type of chicken is the prime part of the?
422,Tomato & Basil pasta sauce made in Turin,We imported directly from the Italy! It is called the sauce and is the most popular tomato pasta sauce in the home. I also use onions. garlic and basil. but because it is a tomato sauce easy to arrange without too much arguing. it goes well with a chicken and a fish dish. Even children can enjoy the authentic taste of Italy.
423,Carrot dressing,We have confidence in safety and security in our domestic plant manufacturing! You can enjoy the taste and texture of vegetables by using grated and coarse carrots and coarse onions. Enjoy salads. carpaccio and cold pasta.
424,Non-oil Yuzu dressing,We have confidence in safety and security in our domestic plant manufacturing! This is a non-oil dressing with a refreshing aroma with lemon juice added to yuzu juice. The refreshing citrus taste is perfect for grilled fish. hiyayakko. salad udon and carpaccio. Please take plenty!
425,Cilantro sauce,Directly imported from Thailand! Pak Qi sauce is a direct taste of Pak Qi`s exotic flavors and tastes. This is a versatile sauce that matches any kind of dish such as meat. fish or fried foods. Especially recommended for those who love Pak Qi! ?We are currently handling only in East Japan (Toyama. Nagano. Shizuoka East).?
426,Butter Chicken curry paste,Directly imported from India! Based on tomato paste. coriander. turmeric. cumin. etc.10This is a curry paste with a variety of spices. You can eat chicken curry at home India by adding this product to chicken and simmer. Please also for seasoning of the dish such as stir-fry and fried chicken. ?1About in the book6You can make curry for the public.
427,Herb & garlic Brie,Brie in the France Bree1000It is a traditional European cheese made a year ago. It is using a vegetable drain net. Cheese with a richness and flavor similar to Camembert cheese. I added herbs and garlic that are good with cheese. Please relish it by all means. ?Currently only handled by East Japan (Toyama. Nagano. Shizuoka East)?
428,Brie cheese,Directly imported from France! France in Bree1000It is a traditional cheese which is representative of Europe which had been made for more than two years. You can drink wine. beer and snacks.
429,French dressing ( White),We have confidence in safety and security in our domestic plant manufacturing! A refreshing and sour taste of French dressing. Because it is emulsion liquid dressing. it is creamy and is easy to be entangled in the dish. and. of course. the salad. fly and pasta!
430,Hazelnut Choco-cream,Directly imported from Italy! It is a delicious cream that matches the sweetness of the aroma and the chocolate of the hazelnut and is mixed with yogurt and ice. and. please use it for making sweets.
431,Whip ( Dulce),Directly imported from Denmark! This is a whipped cream with no persistence. Even if it is too whipped. it is difficult to separate because stability is high even after time passes. and because I use a vegetable raw material. it is a taste that Sa and is not addictive and is refreshing. It is a sugar type. but please adjust sweetness by your liking.
432,Authentic Thailand`s all-purpose seasoning,You can easily make Thailand authentic food at home. and we import all-purpose seasoning paste from Thailand! Fresh onion. garlic. coriander and white pepper as a paste. it is a seasoning flavored with chicken. The seasoning is this one! Fried rice and vegetables with a full-fledged and rich in flavor without vegetables. you can quickly make soup.
433,Mie Goreng-Moto,Directly imported from Indonesia! This is a sweetened and spicy seasoning paste that makes the Indonesia Malaysia staple dish goreng (Indonesia style fried noodles) easy to make. Sold separately???-Gorennoodle?In addition to just fry. you can enjoy the real goreng at home? ?We are currently handling only in East Japan (Toyama. Nagano. Shizuoka East).?
434,Mill with Herb salt Italian mix,Red paprika. Hall black pepper. garlic. onion. basil. oregano and marjoram are all-purpose seasonings with a good balance of salt. You can use a wide range of pasta. carpaccio. salads. soups. and other ingredients. including meat and fish dishes. as well as flavored seasonings that can easily taste delicious dishes.
435,Mill with Hall black pepper,It has a unique flavor with a tangy strong spicy and aroma. and is especially good with meat. and can be used while using the flavor by grinding the mill before use. It is a spice that can be used for various dishes such as bacon eggs. dressing. and stir-fry steak.
436,Mexican hot sauce,The real spicy sauce is imported directly from the Mexico! Based on vinegar. I used a lot of spicy pepper as a representative. and I finished it in spicy with depth by adding spices. If you shake a pizza. pasta or fish dish. you can enjoy the pungent hotness while pulling the umami of the material.
437,Yakitori sauce,We have confidence in safety and security in our domestic plant manufacturing! The smell of rising smoke and savory sauce. involuntarily appetizing. the taste of authentic yakitori at home! This brewed soy sauce-based sweetness. savory. and three-yakitori sauce has a moderate thickness. so it is well-matched to the meat. lasting gloss. It can also be used for teriyaki. barbecue. or eel kabayaki.
438,BBQ sauce ( Mellow soy sauce),A balanced blend of red wine. miso and apples based on soy sauce. and finished with a mellow and rich sauce. Not to mention Yakiniku. please use it for stir-fry vegetables.
439,Great Chowder,We have confidence in safety and security in our domestic plant manufacturing!3?4It is straight type that can be used as it is for the public. You can enjoy mixed easily by simply stewed the ingredients of your choice. such as seafood and vegetables. In addition. as the Kenchin of the dish. you can use it widely in the soup. oden. boiled rice. chawanmushi. etc. ?This product is for autumn and winter only.?
440,Guacamole (avocado DIP),Avocado dipping from the Holy Land. Mexico directly imported! Flavorful garlic fried onion. rich Mexico avocado blend! You can have delicious food with biscuits. crackers and tortillas. It is very convenient to be able to use only the necessary amount easier than to make it with the avocado easy to access.
441,Ice pop,Popular summer staple for children! Freeze to leisure such as the sea and camping!1?10Apple. oranges. grapes.3I enjoy the taste of the kind. Perfect for a snack when children gather! If you freeze it. you can Paquin in the middle and fold it in half. Home in summer1I want to keep a bag. it is a push stick drink. ?This product is for spring and summer only.?
442,Strawberry and nuts Granola,We directly imported granola of crunch with strawberries and nuts from the Czech Republic of Eastern Europe! No use of additives! We mix a lot of oats. strawberries and almond slices. The fragrantly of the dried oats in a hot oven is the exquisite balance between strawberry acidity and crunchy almonds.
443,Custard pudding,We have confidence in safe and secure at our own factory in Japan! Soft sweetness and smooth taste. Served with caramel sauce for a more authentic dessert. The arrangement is also flexible because it hardens when I put it in a favorite type and melted and is cooled! Custard cream is also easy to make.
444,Xylifresh plus (lime Mint),No sugar. no xylitol73.8% blendedExtraordinarily?-Refresh Plus?Lime Mint?Directly imported from the Korea! With a moderate texture and refreshing mint and fruity taste. you`ll feel refreshed and irritated when driving.
445,Industrial diamond almond,It is the almond tofu of a new texture that a palatable isolate with a refreshing almond flavor and elasticity can enjoy. You can enjoy the original dessert with whipped cream. strawberry sauce. soda and so on. with the fruit of your choice topping. Glad1It is a lot of size of kg. ?Spring and Summer Limited edition?
446,Commercial flavour,We have confidence in safety and security in our domestic plant manufacturing! Plenty4It is for business of one person size. We thoroughly made our own production from the boiling of Agar. and were sticking to the taste of agar? If you Mitsuya the black Anko. the seasonal fruits and so on. you can eat more delicious.? ?This product is for spring and summer only.?
447,Coffee jelly,We have confidence in safe and secure at our own factory in Japan! Coffee jelly that condensed the taste and aroma of coffee. The sweetness and bitter are a reasonable balance. and it is delicious even if it is as it is. but the taste looks when I add fresh and vanilla ice. It is a gem to enjoy the aftertaste of the rich fragrance that lasts until after eating.
448,Sandwich biscuits ( Chocolate),The cream Sandwich biscuit which I baked up is imported directly from a Spain! The texture that saku with milky chocolate cream goes well with coffee and tea. and is perfect for a snack and leisure! Snack as it is. to accompany the tea time. and put on the ice cream parfait cute directing? ?Currently only handled by East Japan (Toyama. Nagano. Shizuoka East)?
449,Great grape sorbet,Confident of safety and security in domestic-related factory manufacturing? Just freeze it in the fridge and it`s done! Simple and delicious grape sorbet.? The texture which I was able to freeze as it is in a freezer. and a soft texture can be tasted when I mix well and freeze it to include air on the way.?
450,Sugar cones,It is a crispy sugar cone that enhances the taste of ice cream more. You can also use it as a topping for sweets such as ice cream divided. ?This product is for spring and summer only.?
451,Cereal bars (Cranberry & orange),A yogurt-flavored stick bar with plenty of dried fruit imported directly from the Poland! It is baked in an oven with oatmeal. rice flour. corn and other dried fruits such as cranberries and orange peel. and is fully coated with sweet and sour yogurt syrup. ?Currently we only deal with East and West Japan (Osaka Prefecture and Hyogo Prefecture).?
452,Spree whip cream,You can easily make a beautiful whip at any time by shaking the can and pushing it upside down. Not only desserts like ice cream and cake waffles. but also coffee and hot chocolate drinks. After cleaning the nozzle part. clean the moisture and wipe it in the refrigerator.
453,ITA Sesame who cakes,Re-sale by a large number of customer requests?? Delicious sesame flavor and moderate sweetness?
454,Cheese bread,Direct import of non-fried cheese taste snacks from Malaysia with crispy texture? A light puff type of snack that slices French bread.? Crispy. crispy texture and rich cheese flavor spreads to mouthful? ?We are currently handling only in East Japan (Toyama. Nagano. Shizuoka East).?
455,Choco soft & ice remix,?Freeze it at home.? ?Series Second Edition?It is the appearance of chocolate taste. Freeze it in the freezer. You can enjoy a soft texture to freeze as it is to include the air to mix well in the middle of the texture and to freeze as it is. You can put it on the ice cream machine and the ice cream will be completed. ?This product is for spring and summer only.?
456,Chocolate crepes,The home of chocolate! Crepe with Belgium chocolate was imported directly from the Belgium! Belgium Cream with Chocolate (At the time of charging:Chocolate spreads23 ? It is a stylish dessert that is rolled with the click and baked Crepe softly.?
457,Chocolate Torte,We imported directly from the home France of sweets! A tart with a crispy of butter. baked with dark chocolate cream and topped with chocolate chips. Natural thawingOk? Because it is a hole type tart. please cut the necessary amount by the size of the favorite and eat it.
458,NATA de Coco,You are directly imported from the Malaysia in syrup of the machete de coco! Enjoy the unique texture. Enjoy a fruit punch. jelly. almond tofu and yogurt topping!
459,Peach jelly,Confident of safety and security in domestic-related factory manufacturing? A fresh white peach jelly with a isolate texture and the scent of a white peach spread in the moment you put it in your mouth.? Collagen Happy for your skin1000mgEnter1Recommended for people who want to supply collagen easily delicious because it is per pack)?
460,Vanilla & ice remix,Freeze at home! It is the emergence of the first series. Freeze it in the freezer. You can enjoy a soft texture to freeze as it is to include the air to mix well in the middle of the texture and to freeze as it is. You can put it on the ice cream machine and the ice cream will be completed.
461,Hoteling serial 150 g,Directly imported from Lithuania! It is a cereal that can enjoy a mild sweetness and crunchy texture. It is served as a snack as it is. of course. served with milk.
462,Feinbervizquett,It is a biscuit with calcium that is simple and does not get tired. In a simple taste and crispy texture of milk flavor. recommended even to hand out in such event because it is delicious ? cute package that can not stop when you eat!
463,Chocolate fondant,Just heat it in the microwave. and the thick chocolate is from inside. Belgium dark chocolate from the home Belgium of chocolate22We have imported a rich fondant chocolate! Because it goes well with the fruit. I enjoy it like a chocolate fondue ? ?It is a fall-winter limited product?
464,Plain cookies,A simple sweet and aroma. crispy lightest texture is a delicious cookie. Easy to eat at bite size. perfect for tea time or snack? ?We are currently handling only in East Japan (Toyama. Nagano. Shizuoka East).?
465,Fluffy cake ( Chocolate),A fluffy cupcake is imported directly from the Viet Nam! I wrapped a sweet chocolate cream with a gentle. soft sponge cloth. Enjoy the exquisite harmony of moist sponge and chocolate cream. of individual packaging in a box5Because it is pieces. it is convenient to give out at a party and an event!
466,Hazel Nuts and raisin Granola,Imported directly from the Czech Republic Authentic granola of crunch texture? fragrantly baked oats with sweet and sour raisins and hazelnut. and a combination of sugary-flavored coconut for an exquisite taste.?
467,Potato chips ( Original),Directly imported from Malaysia! The potato flakes are molded andGeta?MoldingType?Potato chips. Barris! Paths! The texture is unbearable! Potato Chips (original). which was seasoning and finished with a good taste. which treasured the original flavor of potatoes. Plenty160gIn a can in the tube! Halal Certified product.
468,Green tea pudding,Confident of safety and security in domestic-related factory manufacturing? This is a flavorful green tea pudding using Uji matcha. I finished it with smooth taste and a good sweetness. As it is. of course. you can enjoy the delicious Shiruko wind. It is melted and poured into the type of your choice and can be arranged to a favorite shape when I cool it down!
469,Mizuyokan,We have confidence in safety and security in domestic related factory manufacturing! It is a water youkan that enters the milk pack of the isolate throat and the rich flavor of the red bean is a feature. As it is. of course. just cut and warm in the microwave oven. it was easy to dumplings is ready! It is not a drink.
470,Milk chocolate,The standard chocolate. milk-flavored chocolate is imported directly from the Germany. Vegetable oil(TransformerFatty acids)?It is a real chocolate that uses cocoa butter and a lot of cacao trout without using it. It is a considerably advantageous product in a hearty price.
471,Yuzu ju be,Confident of safety and security in domestic-related factory manufacturing? A soft jelly that spills out from the spout with Chi? Fresh yuzu aroma and refreshing taste are perfect for cleanse after a meal or for a relaxing moment.?
472,Richters cake,This cake has a mellow flavor with a moderate acidity of cream cheese.? When you put it in your mouth. it melts slowly on your tongue and you can enjoy the rich taste.?
473,Cream cheese,We have confidence in safe and secure at our own factory in Japan! The flavor of the cheese spreads with a refreshing acidity and fluffy. The sauce and sour flavor of berry system to cut as it is. please with a bitter cocoa powder. The arrangement is also flexible because it hardens when I put it in a favorite type and melted and is cooled!
474,Rostkokonatschips caramel,Directly imported from Thailand! Coconut pulp80This is a caramel-flavored roasted coconut chip with more than%. The crispy texture roasted thoroughly in the oven and savory coconut flavor is addictive once you eat it.? As it is. of course. can be served delicious as a topping such as yogurt?
475,Bracken,Confident of safety and security in domestic-related factory manufacturing? It is a bracken rice cake of the delicious old-fashioned taste to a gentle. moist mouth. Please cut it to your favorite size and eat it with a powder and black honey. of the serving2?3It`s just a good taste when you cool down time ago.
476,OTO tofu ( Domestic fresh-squeezed juice filled tofu),The tofu is made by using the domestic soybean. and the soy milk is produced by the original production process (milking). and finished with the silky wind.? ?Currently only handled by West Japan (Ishikawa. Gifu. Aichi West)?
477,Little big of tofu tofu filling,It is a filling tofu made from domestic soybeans by our original raw milk production process. and finished in silky wind using Bittern. Glad450It is slightly bigger size of G. ?Currently only handled by West Japan (Ishikawa. Gifu. Aichi West)?
478,Quail eggs boiled,It is a simple product that can be used immediately by opening it easily. Chinese dishes such as Habona. stir-fry. cooked food. oden. stews is perfect. You can also garnish your lunch.
479,Vegetables mix,Mixed rice or pickled. In addition. it is delicious even if I have it for the buckwheat and spaghetti ingredients.?
480,Chikuzen-sauce,Renkon. burdock. Takenoko. Carrot. konjac. and kidney were Rangiri and balanced well blended. Without the hassle of cutting. because it has been boiled under. you can use it in the seasoning of your choice easily convenient. such as boiled and stir-fry.
481,Boiled burdock mix,I cut the burdock. Renkon. carrot and konnyaku for sauteed. and balanced well. There is no trouble to cut. you can cook stir-fry in your favorite seasoning. You can also use sesame sauce. miso soup. and rice ingredients.
482,Ice blend coffee (powder),A blend of Indonesia & Brazil coffee beans with a firm bitterness and richness. aromatic aroma and coffee. good affinity with the milk syrup. and is ideal for ice cafe au lait. It cools well in the refrigerator. and when it is served. the taste improves further.? New method of roasting separately/In the after-mix process. we roast the best roasting conditions for each bean to maximize the flavor of each coffee.
483,Anchovy paste ( Tube),Directly imported from Italy! This is a very easy-to-use. anchovy-like anchovy paste that is salted and matured to create a fresh flavor after the catch. It can be used a little bit. it is very convenient! The compatibility with the garlic and the olive oil is excellent. Ingredient such as canap?s and dressings. pasta sauce and stewed dishes!
484,Italian mix pickles,Directly imported from Italy!6I mix a kind of vegetables in a good balance! You can enjoy a variety of vegetables in a bottle. As it is. of course. you can enjoy the tasty and delicious topping as a salad.
485,Instant for ( Chicken flavor),Directly imported from Viet Nam! About to put hot water4Minutes. you can enjoy an authentic four easy to easily! It is a flavorful chicken soup with coriander flavor.
486,Kidney beans,Using carefully selected quail beans. and to bring back the original flavor of the material to be returned with water overnight. over time. I was Shime plump and delicious. It tastes akino sweetnessPlease enjoy. Please use it for the tea in the side dish. No preservatives or colorants are used.
487,Oil marinated anchovies (bottle),Directly imported from Italy! After the catch. the fresh anchovy is immediately fillet. salted. and aged. with a bottle of anchovy oil soaked with plenty of umami. Because it is a jar. you can use it only for the amount that you want. Pizza topping and boiled pasta! Stir-fried vegetables and sauteed mushrooms. and enjoy the rich flavor and richness of anchovies.
488,Large serving meat sauce,Beef. vegetables and tomato paste were boiled together and finished in a tasty complements meat sauce. Please arrange pasta. risotto. Doria and rice croquettes.
489,There are many great adult large serving Curry Udon,We have confidence in safety and security in our domestic plant manufacturing! The taste of bonito and vegetables was effective. and it is a kind of dry curry udon. It is an easy and convenient product that can be served only by warming and putting buckwheat noodles.
490,Adult large serving Curry,We have confidence in safety and security in our domestic plant manufacturing! Scrambled carefullyWeighed?Ameiro Onions?. ripe tomato paste.3Based on the fruit of the seed. I finished it with a fresh sour and rich medium spicy curry. It is spicy that becomes addictive using a discerning spice. Of course you can enjoy it deliciously as it is. but you can add ingredients in your favorite. and arrange it freely in curry udon and gratin. etc.?
491,Oat,Direct import from Czech Republic! No use of additives! Oats100Use Add a little salt to the hot water or milk and heat it in a microwave. then eat it in a porridge form. It is also available as a cookie making material.
492,Kimchi stew,We have confidence in safety and security in our domestic plant manufacturing!3?4It is straight type that can be used as it is for the public. I made a delicious kimchi pot in the sauce with the cow. The tangy pungent is earnest! Not to mention the pot. you can use it in ramen soup and Bowser. ?This product is for autumn and winter only.?
493,Classic pizza sauce,Directly imported from Italy! of the product99%The tomatoes! We do not use preservatives. additives or water at all. This is a super-authentic pizza sauce flavored with Italy tomatoes. fresh basil and black pepper. A sauce with plenty of tomatoes is available as a basic source. with a variety of pasta sauce and various dishes.?
494,Creaming powder,It is easy to melt with vegetable creamer. and no fragrance is used. If you add coffee. you can use it for tea or cocoa by suppressing the bitter taste and acidity of coffee. Give the flavor and marshmallow without disturbing the taste. If you use it for cooking such as cream stew and gratin. you can use it to finish it with a rich seasoning and to make sweets!
495,Green Curry,We have confidence in safety and peace of mind in our domestic factory manufacturing. In the pungent flavor. it is a Thailand curry with the richness and sweetness of coconut milk and fresh herbs. In addition to the stir-fried chicken and eggplant. you can boil a real green curry. It is more delicious when you arrange by adding the ingredients of your choice.
496,Black Bean,The black beans were carefully selected overnight and returned with water. and it was Shime to be plump and delicious over time. Please enjoy the simple taste that does not come akino.
497,Cocoa ( 100% cocoa powder and sugar-free use),Directly imported from Malaysia! Cocoa powder with no sugar or milk? Because it is sugar unused. it is ideal for making sweets such as cookies and cakes.? Of course. a drink! If you add sugar and milk and adjust the sweetness to your liking. you can easily finish the authentic cocoa with a refined and rich flavor.?
498,Sauerkraut,Directly imported from Poland! Sauerkraut is a pickle of European traditions fermented with fresh cabbage in salt. Even if it eats as it is. it is hot to cook meat. fish. etc.. and stir in oilEven across the dog. you can adjust the acidity of your choice with sugar or honey. you can use it as a material of stewed dishes such as soup and stew.
499,There are many great salt pans,It is the base of the salt pot filled with plenty of umami. such as chicken and bonito. Please enjoy putting ramen and rice to tighten the pot. Because I finish it with a mellow taste. I can use it as a soup of various dishes. ?This product is for autumn and winter only.?
500,Shiso ume (with Vase),It is a pickled plum with a chubby softness and a gentle acidity. Colorant to cherish the taste of nature. After the summer airing was done without sparing the trouble time. it was marinate carefully. It is perfect for a bento or rice or plum chu.
501,Often to Zuke,Cherish the texture of vegetables. such as cucumbers and eggplant. it is pickled if you finish with a refreshing flavor of shiso and ginger. For the attendant of rice. please.?
502,White porridge,We have confidence in safety and security in domestic related factory manufacturing! Domestic rice100Percent used a little bit more300G is a white porridge. I put a little salt in the ingredient and finished it in a taste easy to eat even when there is no appetite. Because it is eaten only by warmth. it is very useful as a standing food for when suddenly gone in physical condition. The breakfast menu is also perfect.
503,Ceylon tea (tea bag) 25 P With,The home of the tea. Ceylon tea imported directly from Sri Lanka. To taste the rich aroma and flavor.1I stuffed a lot of tea leaves in a bag! Enjoy a neat taste. not to mention straight. lemon or milk. Easy to use box25Pis entering.
504,Soy uma Boiled,The soy sauce and the carrot and Konnyaku were carefully selected and stewed with Kelp`s taste. You can use it in the side dish of the lunch for dinner.??No preservatives or colorants are used.?
505,Taco meat,We have confidence in safety and peace of mind in our domestic factory manufacturing. I used several kinds of spices and blue chili peppers. and I finished it in the taste that the taste became addictive in the pungent. It is suitable for the ingredients of tortilla and ramen. of course. for Taco Rice.
506,Black soybean seed,The black soybean of the large Tamba species grown from the seeds of the excellent variety100I use%. To Shime the original flavor of the material. I spent a lot of time carefully. gloss. delicious. and plump. Please enjoy the simple taste that does not come akino. No preservatives or colorants are used.
507,There are many great serve this dish,We have confidence in safety and security in our domestic plant manufacturing!3?4It is straight type that can be used as it is for the public. It is a Chanko tsuyu with rich taste and flavor that has worked. Not to mention a pot. you can use it regardless of the season in the Chawanmushi of the boiled rice and the soup. ?This product is for autumn and winter only.?
508,Dill pickles ( Slice),A fresh. fragrant dill (herb) with a good flavor of brewed vinegar is imported directly from the Poland! It is easy to eat the pickles made to smell with a good affinity with the fish and vinegar and to slice it. If you combine it with small chopped mayonnaise. you can easily make tartar sauce.
509,Dill pickles ( Hall),Fragrant Dill(Herbs)With a good texture pickles.(Hall)I finished. Garnish of rich meat dishes. It is also perfect for wine and beer snacks!
510,Butter Chicken Curry,We have confidence in safety and peace of mind in our domestic factory manufacturing. This is a mellow. deep-tasting butter chicken curry with apple juice. tomato paste. onion saute. ginger. and garlic blended in a carefully selected spice. In addition to the stir-fried chicken. you can boil a full-fledged butter chicken curry. It is more delicious when you arrange by adding the ingredients of your choice.
511,Fukuhana beans,This product is made under strict quality control. and is a boiled beans of the light type which suppresses the sweetness cooked to bring out the original taste of beans.?
512,Roasted green tea (tea bag),Roasted tea with the flavor of tea leaves. You can enjoy the refreshing flavor and fresh aroma. Because it is easy to use tea bag type??Boiled?. of course.?Teapot?But you can easily make delicious roasted tea. In one bag52Pis entering.
513,Hall green olives ( Kind and),Directly imported from Italy! It is a popular Castelbetranogrin in Italy. There is a response to eat in the flesh thick meat. so taste and flavor of the original olive taste as it is not taking a seed. It is perfect for wine snacks.
514,Medium Roast blend powder 400 g [Shallow parched],Blended blend with a low acidity. and a savory blend of coffee with a shallow roasted taste. Only the high-quality coffee connoisseur was carefully selected by a skilled roasting technician. and then milled. packaged and shipped the same day. It is a fresh taste that is not defeated by the self-roasting.
515,Universe star coffee,Directly imported from Viet Nam! World No.2Coffee beans from Viet Nam100% used. This is a dark roast with a longer roast time and a good balance between the bitterness and flavor of the coffee beans. Less spray dry coffee with melted rest!
516,Great Chowder,We have confidence in safety and security in our domestic plant manufacturing!3?4It is straight type that can be used as it is for the public. You can enjoy mixed easily by simply stewed the ingredients of your choice. such as seafood and vegetables. In addition. as the Kenchin of the dish. you can use it widely in the soup. oden. boiled rice. chawanmushi. etc. ?This product is for autumn and winter only.?
517,Ragujalitchkillimanjaro blends (powder),100% use of selected Arabica beans from Brazil & Tanzania. Please enjoy the sharp acidity and the sweet fragrance felt in the deep richness that the nature of the best African continent nurtures. New method of roasting separately/In the after-mix process. we roast the best roasting conditions for each bean to maximize the flavor of each coffee.
518,Ragujalitch coffee (400 g),Roasted by a skilled roasting company. our own roasting coffee! Selected Arabica beans100Use It is the fragrant aroma and the sharp bitterness which I roasted deeply carefully. Enjoy the exquisite harmony of a neat aftertaste. ?This product is regular coffee.?
519,Ragujarittimocha blend (Medium Roast),100% use of selected arabica ingredients. Enjoy the exquisite harmony of mocha-specific fruity sweet acidity and the sharp bitterness of the Brazil beans? Mocha flavors are loved by many coffee fans from the olden days Japan. The flavor is reminiscent of tea with a fresh citrus taste and sweet taste like passion fruit.
520,Skewered Frank,It is a lightly skewer frank based on chicken. Because I am stabbing a skewer. it becomes easy to eat. Because I put a pause. I finish it neatly without splitting the skin even when baked.
521,Big sausage,We have confidence in safety and security in our domestic plant manufacturing! The wiener. which used chicken grown in its own poultry farm as a raw material. features a smooth taste and a moderate spice flavor. Because it is a large amount 1kg. I use it for a variety of dishes such as stir-fry and stewed cooking and am useful very much.
522,Economy Frankfurt,The chicken is based in Frankfurt. A little thicker. the length was renewed short. It is the taste which is liked by everyone with a firm taste and a smooth texture.
523,Mortadella ( Real Bolonia sausage),Direct import of authentic real rags sausage from the Italy! A small piece of pork fat (Lardello) and pepper. rosemary and other spices were trapped in the mouth. It is good for the topping such as canap?s. the pizza. and the pasta though it is delicious as it is with the seasoning which is steady. You can use the method of your choice. such as slices and dice cut.
524,Dried shiitake mushroom slices,Dried shiitake mushrooms are indispensable for Japanese food and Chinese cuisine by drying the flavor and taste of the mushroom. You can make the best dish if you take your time and put it back. Because it is sliced so that it is easy to use. I tsukudaso it to a variety of dishes such as cooked food. stir-fry. and boiled.
525,Dry daichu me hijiki seaweed,It can be used for a variety of dishes such as cooked food. salad. hamburger. and fried.?
526,Simmer ingredients Shredded daikon radish,I added dried shiitake mushrooms. seaweed. hijiki and carrots to kiriboshi radish. You can use it easily in the dish of the side dish of every day easy. Not to mention cooked food. you can use it for a variety of dishes such as stir-fry. vinegared!
527,Green bean vermicelli,To be able to use it for various dishes of the season including the home and Chinese food. the green bean starch. peas bean starch. potato starch were added. and the has texture was finished.
528,Stalks of seaweed Tsukudani,I cherish the texture and the flavor that crunchy the stalk of the seaweed. and finished it in a gentle seasoning. Please use it for the attendant of the rice and sake etc. It is opened. and it is served as it is. You can use it as a ingredient of the salad and the fried egg mixed with the vegetables of your choice.
529,Red fish,Eat your body-friendly fish! Series The red fish was fillet and frozen rapidly. It is easy to use it easily because it has been processed under! Boiled. grilled fish. meuniere. stews and so on. Please use it as a material of various dishes.
530,Apple fi ring,Directly imported from Denmark! This is a delicious strawberryjam filling with a rich apple texture.? You can easily make an apple pie by wrapping it in a pie sheet and baking it. Also recommended for toppings such as yogurt? ?We are currently handling only in East Japan (Toyama. Nagano. Shizuoka East).?
531,Yellow curry paste,It was imported directly from the Thailand. Not to mention curry. you can use it as a seasoning such as stir-fry. fried. and pilaf. It is easy to enjoy the authentic taste at home. Chemical seasonings and synthetic preservatives are additive free.
532,Italy ( Tuscan ) Non-aerated water 500 ml,Directly imported from Italy! Sparkling water with hard water in the Tuscan region.? The cozy and gentle texture of the fine carbonate. drink in the diet. hydration during exercise. wake up in the morning1You can enjoy in a variety of scenes. such as a cup.
533,Strawberry and nuts Granola,We directly imported granola of crunch with strawberries and nuts from the Czech Republic of Eastern Europe! No use of additives! We mix a lot of oats. strawberries and almond slices. The fragrantly of the dried oats in a hot oven is the exquisite balance between strawberry acidity and crunchy almonds.
534,Green beans (made in Belgium),Directly imported from Belgium! Kidney lightly blanched and rapidly frozen. It is a convenient product that you can use only the necessary amount. Boiled. tempura. salad. stir-fry. etc.
535,Instant for ( Beef flavor),Directly imported from Viet Nam! About to put hot water4Minutes. you can enjoy an authentic four easy to easily! This is a rich beef soup with coriander flavor.
536,Taste Dunhuang ( Weihoann )( pig),Directly imported from Taiwan! It is a all-purpose seasoning that blends vegetables such as kelp and flavor based on the taste of the pig and finishes it in thick taste. You can enjoy the deep taste of authentic Chinese in addition to stir-fried vegetables. hemp-auntie tofu and fried noodles.
537,Sardines ( With lime),Directly imported from Thailand! This is a fresh flavored oil sardine with lime juice and sliced lime.? You can use it for various dishes regardless of the Japanese and the ocean. of course. the topping of the salad and the pizza and the ingredient of pasta.? ?We are currently handling only in East Japan (Toyama. Nagano. Shizuoka East).?
538,Organic Orange Marmalade,Directly imported from Denmark! Using organic orange and organic sugarJasCertified organic food is orange marmalade? The flesh and texture of the orange. the sweetness of the fruit and the exquisite balance of acidity are delicious! Not to mention the bread. even if you put it in tea? ?We are currently handling only in East Japan (Toyama. Nagano. Shizuoka East).?
539,Organic Blueberry jam,Directly imported from Denmark! Using organic blueberries and organic sugarJasCertified organic food is blueberry jam? The flesh and texture of blueberries. the sweetness of the fruit itself and the exquisite balance of acidity are delicious! Go with bread. pancakes and yogurt. ?We are currently handling only in East Japan (Toyama. Nagano. Shizuoka East).?
540,Olive bruschetta,Direct import of Olive Bullsketta from the Italy! The olives and olive oil from the Italy are seasoned with capers and anchovies. It is perfect for snacks and snacks on the baguette baked with crunchy. Also available as pasta sauce.
541,Orange vegetables and fruit Smoothie,Directly imported from Belgium! Carrot and butter nut pumpkin. orange. apples. pineapple. and other fruit and honey. plus a gentle sweet orange smoothie. Because it is frozen in a block form. it is easy to make a smoothie by simply thawing your favorite amount. No additives used. It is recommended for the person of the health intention.
542,Canned tomatoes 1 -Cans,One-of-a-business cans using only ripe tomatoes with good quality from Italy (2500g) directly imported from the Italy!4Cans (400g)6.2It is the size that can cope with the dish which uses plenty of tomatoes in each piece. and it is a product that a professional can consent well. Because it is a salt unused. you can enjoy the tomato dish that the material taste is alive. ?Currently only handled by West Japan (Ishikawa. Gifu. Aichi West)?
543,Camembert cheese,Directly imported from Germany! It is a creamy. tasteful and rich camembert cheese. With appetizers and salad toppings. cheese fondue and fly cheese. * Use of vegetable len Net
544,Canola soft margarine,Directly imported from Canada! Cholesterol with canola oil0Soft margarine. It can be applied to bread. and it is the material of the dish and sweets. and how to use it is various.?
545,There are many great beef broth 100 g,Directly imported from Korea! It is a Korea all-purpose seasoning used for a variety of dishes such as pots. soups. stir-fry and pickles. The taste of beef is fast progress up with the richness and flavor of the dish. Seasoning such as hamburgers and dumplings. recommended for ingredient such as curry and fried rice!
546,Classic pizza sauce,Directly imported from Italy! of the product99%The tomatoes! We do not use preservatives. additives or water at all. This is a super-authentic pizza sauce flavored with Italy tomatoes. fresh basil and black pepper. A sauce with plenty of tomatoes is available as a basic source. with a variety of pasta sauce and various dishes.?
547,Creaming powder,It is easy to melt with vegetable creamer. and no fragrance is used. If you add coffee. you can use it for tea or cocoa by suppressing the bitter taste and acidity of coffee. Give the flavor and marshmallow without disturbing the taste. If you use it for cooking such as cream stew and gratin. you can use it to finish it with a rich seasoning and to make sweets!
548,Canned creamed corn,Direct import from the real Thailand! Sweet Corn Cream. You can use it for the dish such as stew and soup easily?
549,Cream cheese 227 g,Imported directly from America! The rich richness and the mild taste are painted as it is in bread and bagels. and how to use it variously in the material such as cheesecake. If you cut and wind with prosciutto or smoked salmon. easy hors d`oeuvres will be completed! You can use it widely for cooking and making sweets with rich richness and a mild taste.
550,Green Curry noodles,A lot of voices from the customer decided to re-sell! It is an instant noodle with green curry flavor imported directly from the Thailand. It`s spicy but creamy. so it`s also recommended for those who are not good!
551,Grissini ( With garlic flavor),Directly imported from Italy! This is a stick-shaped bread that is served at an Italian restaurant. The crispy texture makes the flavor of the garlic a habit. As it is. of course. you can roll the prosciutto or dip sauce.Ok? You can use it for salads and soups instead of small folds of croutons. Perfect for snacks?
552,Grape seed oil,Directly imported from Spain! Cholesterol made from grape seeds0The healthy oil of the popular products that do not care about the flavor and aroma! It is recommended for salad and marinade in a neat flavor without the habit.? Fry and tempura. such as fried crispy. and stir-fry to finish in the light flavor while utilizing the material?
553,Coconut milk ( Paper pack),Directly imported from Thailand! It is a fragrant coconut milk extracted from coconut fruit. Plenty of use1L? Ethnic food. stewed food and soup. of course. you can also use it as a drink. and make sweets as well as milk and juice.?
554,Condensed cream,We imported condensed cream cans from the condensed milk-consuming powerhouse Viet Nam? The world production of coffee beans2In the Viet Nam of the place. use condensed cream without milk in the coffee. In addition. you can use plenty of staple strawberry milk. fresh fruit and shaved ice. Please enjoy with various arrangements.
555,Seasoned canned mackerel,The boat is frozen and cooked in the Thailand in the sea near the Japan. The seasoning that the ginger was made by the soy sauce base is good as the side dish of the lunch and the rice. the knob of sake. If you fry with vegetables. it becomes a delicious dish with a taste stain. and the person who is not good at the fish and the child ingest a blue fish firmly!
556,Saba miso sauce canned,The boat is frozen and cooked in the Thailand in the sea near the Japan. The fillet of the mackerel which immersed firmly in the seasoning liquid of the boast is eaten to the bone and is moist as a plump taste.???One?As a snack or side dish of liquor as. compatibility with white rice is excellent!
557,Sandwich biscuits ( Chocolate),The cream Sandwich biscuit which I baked up is imported directly from a Spain! The texture that saku with milky chocolate cream goes well with coffee and tea. and is perfect for a snack and leisure! Snack as it is. to accompany the tea time. and put on the ice cream parfait cute directing? ?Currently only handled by East Japan (Toyama. Nagano. Shizuoka East)?
558,Cinnamon serial 170 g ( Cinnamon),Directly imported from Lithuania! It is a cereal that can enjoy a mild sweetness and crunchy texture. It is served as a snack as it is. of course. served with milk.
559,Ginger tea,Add honey to ginger candied. ginger concentrate and fructose. and make it into a jam by sweet stew. If you put ginger tea in hot water in cold winter. you warm your body. Moreover. even if the ice is put in summer and it drinks as ice cream. it is easy to drink. and is effective to prevent summer exhaustion! Of course. even if I put it directly on bread. as a ingredient of meat and fish dish?
560,"Sweet chili sauce 320g
 ",Directly imported from Thailand! Salty sauce that fits well with chicken. salad and spring rolls. Because it is not too spicy. please accent a variety of dishes.?
561,"Sweet chili sauce 280g
 ",The popular sweet chili sauce which spreads spicy and sweetness at the same time is imported directly from the home Thailand! It is good for fried and dripping. and it is sweet though it is spicy. and sour taste becomes a habit. Fresh spring rolls. also good affinity to fried foods such as burdock and vegetables. you can enjoy with Waelu and children and mayonnaise.
562,Strawberry Syrup,Plenty of strawberries35The aroma and flavor of the strawberry syrup is imported directly from the Poland.! The taste of the strawberry is condensed tightly because of the coloring fee and the fragrance not being used. More than jam. more moist than the sauce. It is a smooth. rich sweetness. Put it in milk and milk shake!
563,Spaghetti 1.7 mm,Directly imported from Turkey! Durum semolina.100%was used.1.7 mmIt is a standard thickness of. Please enjoy it in various sauces.?
564,Spaghetti 1.7 mm 5 kg,Directly imported from Turkey! Durum semolina.100%was used.1.7 mmIt is a standard thickness of. Please enjoy it in various sauces.? ?Currently only handled by East Japan (Toyama. Nagano. Shizuoka East)?
565,Ceylon tea (tea bag) 25 P With,The home of the tea. Ceylon tea imported directly from Sri Lanka. To taste the rich aroma and flavor.1I stuffed a lot of tea leaves in a bag! Enjoy a neat taste. not to mention straight. lemon or milk. Easy to use box25Pis entering.
566,Darjeeling tea,India Government Tea Station accreditation the deep aroma of Darjeeling with its premium tea leaves. The Darjeeling tea which is the three great black tea in the world is a moderate astringent. and a deep tea color that hung an orangeA gentle fragrance is a feature. Please take a long time to extract enough to bring out the delicious taste.
567,Sauce`s tiriki,Directly imported from the home Thailand who is easy to taste the classic pot Suki in the Thailand? Love and spicy taste are excellent for seafood.? I recommend it to anyone with the usual Mizutaki.?
568,Cheese snacks,A pretty bite-sized cracker.? The crispy texture and the cheese taste are excellent.? Plenty150G. high cost performance is also attractive. For a cold drink or a warm hot drink?
569,Cherry with mixed berries,Directly imported from Serbia! Without additives. raspberry BlackBerry Strawberry Sour cherry4I mix the kind well. such as jams. sauces and toppings on baked goods?
570,Chicken nuggets,Directly imported from Brazil!SearaBrand chicken nuggets crispy and JusiWowIt is the usual taste by cooking easy only to fry in oil at home.?
571,Pancake flour,The Tijimi powder was imported directly from the home Korea. Just add your favorite ingredients and water and bake in a frying pan to make the real taste at home.?
572,Chocolate crepes,The home of chocolate! Crepe with Belgium chocolate was imported directly from the Belgium! Belgium Cream with Chocolate (At the time of charging:Chocolate spreads23 ? It is a stylish dessert that is rolled with the click and baked Crepe softly.?
573,Chocolate syrup,The high-quality chocolate syrup which spreads the width of the dessert making is imported directly from Poland! It`s not too sweet. it`s not too bitter. it`s creamy texture and smooth. and it`s natural for hot and ice. Add ice cream and pancakes. put them in milk. and even ice cocoa and hot chocolate! ?Currently only handled by East Japan (Toyama. Nagano. Shizuoka East)?
574,Gang green onion sauce ( Zone Jungian),This is a versatile seasoning flavored with ginger and onion oil. Dumplings and steamed chicken to sag! I put it on udon and tofu. stir-fry and dressed. and season of pasta seasoning and fried chicken! I add richness and taste to various dishes regardless of the sum. the western. the taste of the material favors.
575,Dill pickles ( Hall),Fresh brewed vinegar flavored with fragrant dill(Herbs)The dill pickle(Hall)Directly imported from the Poland! This is a big cucumber pickle with a crisp texture and a pickled of fish and vinegar. Crisp! It is good to the snack of the liquor such as wine and beer in the texture that I was!
576,Tempura for potatoes (satumaimo),Directly imported from Viet Nam! Just fry it with frozen clothes. sweet and hokuhoku tempura! It is a name for tempura. but it is convenient for making sweets. It is sweet sweet potatoes that can be enjoyed in various cooking methods.
577,Tomato salsa,A tangy and spicy tomato-based sauce. You can use tacos. taco rice. pizza sauce. pasta sauce and garlic sauce for a variety of dishes.
578,Tomato juice,The tomato juice that the taste of the tomato is tightly packed is imported directly from Poland! It is easy to drink by adding salt and is finished in a mellow taste. Please chill well. It is recommended for cooking. ?We are currently handling only in East Japan (Toyama. Nagano. Shizuoka East).?
579,Tomato bruschetta,Direct import of tomato bruschetta from the Italy! The olive oil from the Italy is seasoned with tomatoes. garlic. oregano and basil. It is perfect for snacks and snacks on the baguette baked with crunchy. Also available as pasta sauce.
580,Tom Yam soup canned,It is the authentic Tom Yang soup which is flavorful with spice & Herb. Because it is a canned type. cooking is easy only to warm. Add shrimp. vegetables and coconut milk to make it more delicious.
581,Tomato & Basil pasta sauce made in Turin,We imported directly from the Italy! It is called the sauce and is the most popular tomato pasta sauce in the home. I also use onions. garlic and basil. but I don`t insist too much.The tomato sauce is easy to flange and fits well with chicken and fish dishes. Even children can enjoy the authentic taste of Italy.
582,NATA de Coco,You are directly imported from the Malaysia in syrup of the machete de coco! Enjoy the unique texture. Enjoy a fruit punch. jelly. almond tofu and yogurt topping!
583,Herb & garlic Brie,Brie in the France Bree1000It is a traditional European cheese made a year ago. It is using a vegetable drain net. Cheese with a richness and flavor similar to Camembert cheese. I added herbs and garlic that are good with cheese. Please relish it by all means. ?Currently only handled by East Japan (Toyama. Nagano. Shizuoka East)?
584,Cilantro sauce,Directly imported from Thailand! Pak Qi sauce is a direct taste of Pak Qi`s exotic flavors and tastes. This is a versatile sauce that matches any kind of dish such as meat. fish or fried foods. Especially recommended for those who love Pak Qi! ?We are currently handling only in East Japan (Toyama. Nagano. Shizuoka East).?
585,Butter Chicken curry paste,Directly imported from India! Based on tomato paste. coriander. turmeric. cumin. etc.10This is a curry paste with a variety of spices. You can eat chicken curry at home India by adding this product to chicken and simmer. Please also for seasoning of the dish such as stir-fry and fried chicken. ?1About in the book6You can make curry for the public.
586,Hash browns,Directly imported from Belgium! Crispy. sticky texture is hash brown. If you fry it in oil or in a toaster oven. you can eat it deliciously. In addition to the bread with mayonnaise and sauce. the burger style transforms into a delicious snack!
587,Pad Thai paste,Thailand Food Staple! A convenient seasoning directly imported from the home Thailand to make a swish Thailand (Thailand wind mein) easily? A real taste at home. You can use it as a seasoning such as stir-fry in addition to the fried buckwheat.?
588,Hoteling serial 150 g,Directly imported from Lithuania! It is a cereal that can enjoy a mild sweetness and crunchy texture. It is served as a snack as it is. of course. served with milk.
589,Fast boil macaroni ( Penne),Directly imported from Turkey! Boil time slightly3Minutes! Very convenient when there is no time. Durum semolina Wheat100Use The sauce of your choice. such as tomato sauce and cream sauce.
590,Balsamic vinegar From Modena,Directly imported from Italy! Fruit vinegar made from grape concentrate juice. The unique acidity and mellow sweetness add richness and depth to the dish. It can be used as a dressing in conjunction with the meat dish sauce. vinegar and olive oil.
591,Bitter chocolate,The standard of the chocolate. the adult taste. the bitter plate chocolate was imported directly from the Germany. Vegetable oil(TransformerFatty acids)?No use. plenty of cocoa content48It is a real bitter chocolate used%. It is a bargain with plenty of volume.
592,Canned chick peas,Garbanzo. Chana beans. also called in the name of Egypt beans ?Chick peas? was imported from Italy. Because it is a plump chick bean. I take it out from a can. and. as it is. a hokuhoku texture can be used for a stewed dish such as a curry and a stew instead of a potato as it is a ingredient of the salad and the pasta.
593,Feinbervizquett,It is a biscuit with calcium that is simple and does not get tired. In a simple taste and crispy texture of milk flavor. recommended even to hand out in such event because it is delicious ? cute package that can not stop when you eat!
594,Chocolate fondant,Just heat it in the microwave. and the thick chocolate is from inside. Belgium dark chocolate from the home Belgium of chocolate22We have imported a rich fondant chocolate! Because it goes well with the fruit. I enjoy it like a chocolate fondue ? ?It is a fall-winter limited product?
595,French fries ( Shoestring),The crispy texture from the Belgium is imported directly from the French fries of delicious shoe string cut! Easy to fry when you want to eat! Easy to use for snacks. snacks and parties.
596,French fries (natural wedge),The home of French fries. directly imported from Belgium? European SweetnessPotatoes with?Vince??It is a potato with the peel that I cut it with the skin. There are many starches. and the outside is crisp and hokuhoku! The flavor and taste of the rich potatoes are characteristic. In Belgium. it is a staple to dip in tartar. salsa. anchovy sauce. etc.?
597,Plus. Brazil produced chicken thighs,Directly imported from Brazil! Per piece200With more than G. it is convenient to cook at home. barbecue or party for a large number of people. Halal Certified product. ?There are cases when the package changes?
598,Plain cookies,A simple sweet and aroma. crispy lightest texture is a delicious cookie. Easy to eat at bite size. perfect for tea time or snack? ?We are currently handling only in East Japan (Toyama. Nagano. Shizuoka East).?
599,Broccoli,Directly imported from Spain! After blanched lightly by cutting to the size that easy to use colorful broccoli. it is very convenient because it is rapidly frozen! You can use it with a variety of dishes such as salad. stew. stir-fry. and Japanese. western. and middle. ?We are currently handling only in West Japan (Ishikawa. Gifu. Aichi West).?
600,Fluffy cake ( Tiramisu),A fluffy cupcake is imported directly from the Viet Nam! We put a lot of smooth. fluffy cheese cream on the cake of the tiramisu taste from an adult to a child. of individual packaging in a box5Because it is pieces. it is convenient to give out at a party and an event!
601,Baked beans. canned,I cooked white kidney beans with a thick tomato sauce of the Italy and finished it in the kidney bean which was hokuhoku. You can garnish the breakfast with bacon. sausage and fried egg. or sandwich it with toasted toast. or just warm it with a canned Shimari.
602,Hazel Nuts and raisin Granola,Imported directly from the Czech Republic Authentic granola of crunch texture? fragrantly baked oats with sweet and sour raisins and hazelnut. and a combination of sugary-flavored coconut for an exquisite taste.?
603,Bergiemini potatoes,We imported the authentic flavors from the Belgium.? Because the skin of a small potato is peeled and the steam is processed. a troublesome under treatment is not necessary. In addition to the garnish of the meat dish. you can enjoy delicious sweet potato fries. fried potatoes. and stewed curry and stew.?
604,Whip ( Dulce),Directly imported from Denmark! This is a whipped cream with no persistence. Even if it is too whipped. it is difficult to separate because stability is high even after time passes. and because I use a vegetable raw material. it is a taste that Sa and is not addictive and is refreshing. It is a sugar type. but please adjust sweetness by your liking.
605,Canned whole tomatoes,Direct Import from Italy? It is a canned tomato with a gentle pulp with a moderate acidity and sweetness made from carefully selected ripe tomatoes made in the sunshine of the Italy. You can use the pasta sauce. soup. stew. etc. for a variety of dishes. both Japanese and western.
606,Hallbabycarrott ( . Belgium),Directly imported from Belgium! Blanched lightly and quickly frozen. It is a useful peeled product! Garnish of boiled carrots. stew. etc.?
607,Potato with mixed vegetable,Directly imported from Belgium! We use carefully selected potatoes. carrots and green peas. You can use fried rice. Western-style soups. stir-fry. pizza and gratin toppings to make your meal more colorful.
608,Potato chips ( Sour cream & onion),Directly imported from Malaysia! The potato flakes are molded andGeta?MoldingType?Potato chips. Barris! Paths And the texture is unbearable! Sour cream and parsley with an exquisite accentSour cream & Onion is a popular flavor. Plenty160gIn a can in the tube! Halal Certified product.
609,Bone takes red fish S sizing ( America),Eat your body-friendly fish! Series The red fish which pulled the bone were cut into fillets. and it was rapidly frozen. It is easy to use it easily because it has been processed under! Boiled. grilled fish. meuniere. stews and so on. Please use it as a material of various dishes.
610,White creme ( Culinary),Directly imported from Denmark! This is a smooth and rich cooking cream based on vegetable oil. Add soup stock and seasoning to make the creamy dishes such as stew. clam chowder and potage easy! You can use it when you want to put out the rich and stewed food?(Whipping does not become a whip. ?
611,Authentic Thailand`s all-purpose seasoning,You can easily make Thailand authentic food at home. and we import all-purpose seasoning paste from Thailand! Fresh onion. garlic. coriander and white pepper as a paste. it is a seasoning flavored with chicken. The seasoning is this one! Fried rice and vegetables with a full-fledged and rich in flavor without vegetables. you can quickly make soup.
612,Mustard,Imported directly from America! There is no spicy peculiar to mustard. and the flavor of a mild and mellow mustard spreads. You can enjoy the traditional American taste in the original dressing with mayonnaise and with plenty of the best match hot dogs in the classic.
613,Mango nectar,Direct import of nectar from the Philippines using mango of tropical fruits spread to mouthful rich sweetness! Not a concentrated reduction but a straight mango juice37It is the nectar that I use with a lot of%. ?This product is for spring and summer only.?
614,Mie Goreng-Moto,Directly imported from Indonesia! This is a sweetened and spicy seasoning paste that makes the Indonesia Malaysia staple dish goreng (Indonesia style fried noodles) easy to make. Sold separately??Migolennoodle?In addition to just fry. you can enjoy the real goreng at home? ?We are currently handling only in East Japan (Toyama. Nagano. Shizuoka East).?
615,Mix very told,4I imported the mix berry tart which I used plenty of berries from the home France of sweets. The sweet and sour mix berry spreads to mouthful. with a fruity aroma and refreshing taste. Natural thawingOk? Please cut the necessary amount by the size of the favorite and eat it.
616,Milk chocolate,The standard chocolate. milk-flavored chocolate is imported directly from the Germany. Vegetable oil(TransformerFatty acids)?It is a real chocolate that uses cocoa butter and a lot of cacao trout without using it. It is a considerably advantageous product in a hearty price.
617,Mill with Herb salt Italian mix,Red paprika. Hall black pepper. garlic. onion. basil. oregano and marjoram are all-purpose seasonings with a good balance of salt. You can use a wide range of pasta. carpaccio. salads. soups. and other ingredients. including meat and fish dishes. as well as flavored seasonings that can easily taste delicious dishes.
618,Mill with Hall black pepper,It has a unique flavor with a tangy strong spicy and aroma. and is especially good with meat. and can be used while using the flavor by grinding the mill before use. It is a spice that can be used for various dishes such as bacon eggs. dressing. and stir-fry steak.
619,Maple syrup,Directly imported from Canada! Home Canada100Enjoy a% pure maple syrup! Please use it as it is in the toast and the pancake as it is. and. for the seasoning of the dish.
620,Mexican hot sauce,The real spicy sauce is imported directly from the Mexico! Based on vinegar. I used a lot of spicy pepper as a representative. and I finished it in spicy with depth by adding spices. If you shake a pizza. pasta or fish dish. you can enjoy the pungent hotness while pulling the umami of the material.
621,Mortadella ( Real Bolonia sausage),Direct import of authentic real rags sausage from the Italy! A small piece of pork fat (Lardello) and pepper. rosemary and other spices were trapped in the mouth. It is good for the topping such as canap?s. the pizza. and the pasta though it is delicious as it is with the seasoning which is steady. You can use the method of your choice. such as slices and dice cut.
622,Universe star coffee,Directly imported from Viet Nam! World No.2Coffee beans from Viet Nam100% used. This is a dark roast with a longer roast time and a good balance between the bitterness and flavor of the coffee beans. Less spray dry coffee with melted rest!
623,European vegetables mix,Directly imported from Belgium! A balanced mix of corotsu bite-sized potatoes. brussel sprouts. pearl onion. and baby carrot. You do not need to cut. you can take out the necessary amount of stew. curry. and stewed dishes such as soup. it is easy to use the saute and garnish of meat and fish dishes.
624,Lightznaflerk cans ( Bonito oil immersed),Soybean oil and vegetable extract and moderate salinity complement the bonito flavor of the raw material. The topping of salad and pasta as it is! It is good to the tuna sandwich with mayonnaise and the ingredient of the stir-fry. No opener needed. In the kitchen! It is recommended as the stockpile can in an emergency.
625,Frozen tortillas,We have imported Spain and Mexico dishes. and we import frozen tortillas from Spain Madrid! It is a crust bread of the Spain of soft. fluffy. sticky texture made by grinding flour. Please warm it in a microwave or a frying pan.
626,Frozen mango ( Half cut),Directly imported from Viet Nam! Only the ripe mango of the eating was rapidly frozen. The juicy fruit can be either frozen or thawed and served deliciously. I cut it to the size of the favorite and can use it widely for various arrangements such as ice cream. yogurt. the topping of the cake.
627,Frozen lasagna,Directly imported from Spain! It is a full-fledged lasagna with a bolognese of Italy-style meat sauce and creamy bechamel sauce with plenty of pork mince. and a lot of cheese topping!! You can enjoy a full-fledged lasagna simply by the range. Because it can heat each container. it is convenient and does not need trouble. A lunch or dinner dish! ?We are currently handling only in East Japan (Toyama. Nagano. Shizuoka East).?
628,Red Curry with canned,It is a real red curry finished in spicy hotness with coconut milk and red pepper. Because it is a canned type. cooking is easy only to warm. Add chicken. vegetables. pla and more.
629,6 Types of vegetable mix,Directly imported from Belgium! Tomatoes. eggplant. zucchini. paprika (red. green) and onions are mixed in color. No need to cut. you can use the curry and soup. such as stir-fry.
630,Rostkokonatschips caramel,Directly imported from Thailand! Coconut pulp80This is a caramel-flavored roasted coconut chip with more than%. The crispy texture roasted thoroughly in the oven and savory coconut flavor is addictive once you eat it.? As it is. of course. can be served delicious as a topping such as yogurt?
631,Guacamole (avocado DIP),Avocado dipping from the Holy Land. Mexico directly imported! Flavorful garlic fried onion. rich Mexico avocado blend! You can have delicious food with biscuits. crackers and tortillas. It is very convenient to be able to use only the necessary amount easier than to make it with the avocado easy to access.
